﻿<?xml version="1.0" encoding="utf-8"?>
<Symbols>
  <Symbol FileName="logo (1).bmp" Transparent="true" Width="207" Height="33" />
  <Symbol FileName="kisspng-picsart-photo-studio-editing-bubbles-png-clipart-5a79e3fe09a6d6.9350477015179376620395.bmp" Transparent="true" Width="813" Height="610" />
  <Symbol FileName="183142.bmp" Transparent="true" Width="44" Height="44" />
  <Symbol FileName="1275725.bmp" Transparent="true" Width="39" Height="39" />
  <Symbol FileName="360_f_399566794_qm3aysm5iwgzyqmsb4cvnzzmru1yvavb-removebg-preview.bmp" Transparent="true" Width="718" Height="427" />
  <Symbol FileName="240_f_209172657_md2eru6yslktcejr33zfguoluew5oig0.bmp" Transparent="false" Width="884" Height="884" />
  <Symbol FileName="icon.abmp" Transparent="true" Width="29" Height="29">
    <Frame Delay="00:00:00.0800000" />
    <Frame Delay="00:00:00.0800000" />
    <Frame Delay="00:00:00.0800000" />
    <Frame Delay="00:00:00.0800000" />
    <Frame Delay="00:00:00.0800000" />
    <Frame Delay="00:00:00.4000000" />
    <Frame Delay="00:00:00.0400000" />
    <Frame Delay="00:00:00.0400000" />
    <Frame Delay="00:00:00.0400000" />
    <Frame Delay="00:00:00.0400000" />
    <Frame Delay="00:00:00.0400000" />
    <Frame Delay="00:00:00.0400000" />
    <Frame Delay="00:00:00.0400000" />
    <Frame Delay="00:00:00.0800000" />
  </Symbol>
  <Symbol FileName="textured-caution-tape-frame-background-yellow-vector-45732485.bmp" Transparent="false" Width="114" Height="114" />
  <Symbol FileName="blue_spinner.abmp" Transparent="true" Width="64" Height="64">
    <Frame Delay="00:00:00.0300000" />
    <Frame Delay="00:00:00.0400000" />
    <Frame Delay="00:00:00.0300000" />
    <Frame Delay="00:00:00.0300000" />
    <Frame Delay="00:00:00.0400000" />
    <Frame Delay="00:00:00.0300000" />
    <Frame Delay="00:00:00.0300000" />
    <Frame Delay="00:00:00.0400000" />
    <Frame Delay="00:00:00.0300000" />
    <Frame Delay="00:00:00.0300000" />
    <Frame Delay="00:00:00.0400000" />
    <Frame Delay="00:00:00.0300000" />
    <Frame Delay="00:00:00.0300000" />
    <Frame Delay="00:00:00.0400000" />
    <Frame Delay="00:00:00.0300000" />
    <Frame Delay="00:00:00.0300000" />
    <Frame Delay="00:00:00.0400000" />
    <Frame Delay="00:00:00.0300000" />
    <Frame Delay="00:00:00.0300000" />
    <Frame Delay="00:00:00.0400000" />
    <Frame Delay="00:00:00.0300000" />
    <Frame Delay="00:00:00.0300000" />
    <Frame Delay="00:00:00.0400000" />
    <Frame Delay="00:00:00.0300000" />
    <Frame Delay="00:00:00.0300000" />
    <Frame Delay="00:00:00.0400000" />
    <Frame Delay="00:00:00.0300000" />
    <Frame Delay="00:00:00.0300000" />
    <Frame Delay="00:00:00.0400000" />
    <Frame Delay="00:00:00.0300000" />
  </Symbol>
  <Symbol FileName="oneh2_logo-rgb_white (1).bmp" Transparent="true" Width="658" Height="175" />
  <Symbol FileName="dossierdownload.bmp" Transparent="true" Width="46" Height="46" />
  <Symbol FileName="open (1).bmp" Transparent="true" Width="29" Height="45" />
  <Symbol FileName="capture-fotor-bg-remover-2023120 (1).bmp" Transparent="true" Width="224" Height="90" />
  <Symbol FileName="capture-fotor-bg-remover-20231204155733 - copy.bmp" Transparent="true" Width="235" Height="144" />
</Symbols>